<application>
  <component name="GeneralSettings">
    <option name="showTipsOnStartup" value="false" />
    <option name="reopenLastProject" value="false" />
    <option name="confirmExit" value="false" />
    <option name="confirmOpenNewProject2" value="0" />
    <option name="processCloseConfirmation" value="TERMINATE" />
  </component>
  <component name="Registry">
    <entry key="ide.experimental.ui" value="true" />
    <entry key="terminal.new.ui" value="true" />
    <entry key="ide.balloon.shadow.size" value="0" />
    <entry key="ide.editor.tab.selection.animation" value="true" />
    <entry key="ide.new.editor.tabs.vertical.borders" value="true" />
    <entry key="ide.animate.toolwindows" value="true" />
  </component>
  <component name="StatusBar">
    <option name="widgets">
      <map>
        <entry key="CwmWireStatsWidgetFactory" value="false" />
        <entry key="FlowJSInfo" value="false" />
        <entry key="LanguageServiceStatusBarWidget" value="false" />
        <entry key="ReadOnlyAttribute" value="false" />
        <entry key="TypeScriptInfo" value="false" />
        <entry key="lermitage-worldclock-one" value="false" />
        <entry key="mtProjectFactory" value="false" />
        <entry key="mtThemeFactory" value="false" />
      </map>
    </option>
  </component>
</application>