<application>
  <component name="com.kagof.intellij.plugins.pokeprogress.configuration.PokemonProgressState">
    <option name="version" value="2.1.1" />
    <option name="initialVelocity" value="0.01" />
    <option name="theme" value="flat" />
    <option name="transparencyOnIndeterminate" value="false" />
    <option name="colorScheme" value="1_Official" />
    <option name="restrictMaximumHeight" value="true" />
    <option name="maximumHeight" value="25" />
    <option name="restrictMinimumHeight" value="true" />
    <option name="minimumHeight" value="25" />
  </component>
</application>